{
  "trending_news": [
    {
      "news": "Shah Rukh Khan: শ্বাহৰুখ খানৰ প্ৰকৃত নাম কি ? কিং খানে বলীউডলৈ অহাৰ বহু আগতে তেওঁৰ নাম সলনি কৰিছিল ...",
      "image_url": "https://images.news18.com/assam/uploads/2023/07/shahrukh-khan-4-2023-07-4d2b372808ccd730ac53c5c6a7d52d84-3x2.jpg?impolicy=website&width=290&height=193",
      "desc": "শ্বাহৰুখ খানে নিজকে ৰোমান্টিক নায়কৰ পৰা পাঠানত এজন একচন হিৰোক আন এটা স্তৰলৈ লৈ গৈছে। বিৰতিৰ পিছত, বলীউডৰ কিং খানে পাঠানৰ জৰিয়তে সুন্দৰ প্ৰত্যাৱৰ্তন কৰিছিল।",
      "publishedDate": "4 Aug 2023"
    },
    {
      "news": "Brush Stroke: কলকাতা আন্তঃৰাষ্ট্ৰীয় চুটি চলচ্চিত্ৰ মহোৎসৱত পাৰ্থজিৎ বৰুৱাৰ 'ব্ৰাছ ষ্ট্ৰ'ক'লৈ শ্ৰেষ্ঠ তথ্যচিত্ৰৰ সন্মান",
      "image_url": "https://images.news18.com/assam/uploads/2023/08/Brush-Stroke-2023-08-af29dfff45af55c01e858e2abb667ee7-3x2.jpg?im=FitAndFill=(540,360)",
      "desc": "দ্বাদশ কলকাতা আন্তঃৰাষ্ট্ৰীয় চুটি চলচ্চিত্ৰ মহোৎসৱত পার্থজিৎ বৰুৱাই নিৰ্মাণ কৰা ‘ব্ৰাছ ষ্ট্ৰ’ক’ নামৰ তথ্যচিত্ৰখনে শ্রেষ্ঠ তথ্যচিত্ৰৰ বঁটা লাভ কৰিবলৈ সক্ষম হৈছে।",
      "publishedDate": "4 Aug 2023"
    },
    {
      "news": "সুদীৰ্ঘ ৫০ বছৰৰ পিছত পৰিয়ালৰ সৈতে মহামিলন, ২২ বছৰতে ওলাই যোৱা ইন্দ্ৰ ৭২ বছৰীয়া হৈ উভতিল ঘৰলৈ",
      "image_url": "https://images.news18.com/assam/uploads/2023/08/Sonari-Man-2023-08-07384abf59645fa6256883a043a42648-3x2.jpg?im=FitAndFill=(540,360)",
      "desc": "সুদীৰ্ঘ ৫০ টা বৰ্ষৰ পাছত ঘৰৰ ল’ৰা উভতিল ঘৰলৈ। সোণাৰিৰ এটা পৰিয়ালৰ মহামিলনকলৈ আনন্দৰ বতৰা।",
      "publishedDate": "4 Aug 2023"
    }
  ],
  "assamese_news": [
    {
      "news": "Eviction notice at Darangamela:ভাৰত ভূটান সীমান্তৱৰ্তী দৰঙামেলাত বন বিভাগৰ উচ্ছেদৰ জাননী",
      "keywords": [
        "forest department eviction notice",
        "forest department",
        "eviction notice",
        "eviction notice at Darangamela",
        "বন বিভাগৰ উচ্ছেদৰ জাননী",
        "দৰঙামেলাত বন বিভাগৰ উচ্ছেদৰ জাননী",
        "ভাৰত ভূটান সীমান্তৱৰ্তী দৰঙামেলা",
        "দৰঙা সংৰক্ষিত বনাঞ্চল",
        "আদিবাসী ছাত্ৰ সন্থা",
        "চাহ জনজাতি ছাত্র সন্থা",
        "আটছা",
        "আদিবাসী চেংগেল অভিযান",
        "আদিবাসী চান্তালী ছাত্র সন্থা আটছা",
        "তীব্ৰ প্ৰতিবাদী কাৰ্যসূচী ৰূপায়ণ",
        "উচ্ছেদৰ জাননী",
        "Indo Bhutan border"
      ],
      "category": [
        "news"
      ],
      "publishedDate": 1691155418,
      "desc": "ভাৰত ভূটান সীমান্তৱৰ্তী দৰঙামেলাত বন বিভাগৰ উচ্ছেদৰ জাননী ৷ আদিবাসী চান্তালী ছাত্র সন্থা আটছা আৰু ভূমি সুৰক্ষা সমিতিৰ নেতৃত্বত তীব্ৰ প্ৰতিবাদী কাৰ্যসূচী ৰূপায়ণ ৷",
      "image_url": "https://etvbharatimages.akamaized.net/etvbharat/prod-images/04-08-2023/1200-675-19180711-thumbnail-16x9-baksa.jpg",
      "web_url": "assamese/assam/state/baksha/forest-department-eviction-notice-at-darangamela-on-the-indo-bhutan-border/assam20230804185315826826738",
      "alt_tags": "forest department eviction notice",
      "caption": "বন বিভাগৰ উচ্ছেদৰ জাননী",
      "id": 1
    },
    {
      "news": "Raid against illegal saw mills: বাক্সাৰ বিভিন্ন প্ৰান্তত অবৈধ কাঠ ফলা মিলৰ বিৰুদ্ধে বন বিভাগৰ অভিযান",
      "keywords": [
        "অবৈধ কাঠ ফলা মিলৰ বিৰুদ্ধে বন বিভাগৰ অভিযান",
        "Forest department raids",
        "raids against illegal saw mills in baksa",
        "raids against illegal saw mills",
        "Barama illegal saw mill",
        "অবৈধ কাঠ ফলা মিল",
        "বন বিভাগৰ অভিযান",
        "বাক্সা",
        "বাক্সা জিলাৰ বাটাবাৰী ৰেঞ্জৰ বন বিভাগ",
        "বাক্সা জিলাৰ বৰমাৰ দীঘেলী",
        "অবৈধ কাঠমিল ব্যৱসায়ী"
      ],
      "category": [
        "news"
      ],
      "publishedDate": 1691069238,
      "desc": "<p><strong>বাক্সা, ৩ আগষ্ট : </strong>বাক্সাত অনুজ্ঞাপত্ৰবিহীনভাৱে কাঠফুলাৰ দৰে গঢ় লৈ উঠিছে অবৈধ কাঠ ফলা মিল ৷ গ্ৰাম্যাঞ্চলত অতি সংগোপনে এই কাঠ ফলা মিলসমূহ চলাই আহিছে একাংশ অসাধু ব্যৱসায়ীয়ে ৷ বিভিন্ন গাঁও তথা পাহাৰীয়া এলেকাৰ গছ ফালি কাঠৰ এক ৰমৰমীয়া ব্যৱসায় চলাই আহিছে তেওঁলোকে ৷</p><p>বৃহস্পতিবাৰে বাক্সা জিলাৰ বৰমাৰ দীঘেলীত বাক্সা জিলাৰ বাটাবাৰী ৰেঞ্জৰ বন বিভাগৰ এটা দলে এক বিশেষ সূত্ৰৰ পম খেদি অবৈধভাৱে গঢ় লৈ উঠা এটা কাঠ মিল জব্দ কৰে ৷ বাক্সা জিলা বন বিভাগে আজি পুৱা আকস্মিকভাৱে চলাই এই অভিযান ৷ আজিৰে পৰা এই অভিযান আৰম্ভ হৈছে বুলি জানিবলৈ দিয়ে বন বিভাগে ৷</p><p>জিলাখনত আৰু বহুতো অবৈধ কাঠমিল আছে বুলি উল্লেখ কৰি জিলাখনত কোনো অবৈধ কাঠমিল ব্যৱসায়ী সাৰি যাব নোৱাৰে বুলি সকীয়নি দিয়ে বন বিষয়াই ৷ বাক্সা জিলাৰ বাটাবাৰী ৰেঞ্জৰ বন বিভাগৰ ৰেঞ্জাৰ ৰজনী দৈমাৰীৰ নেতৃত্বত চলে এই অভিযান ৷ প্ৰতিটো অবৈধ কাঠফলা মিলৰ বিৰুদ্ধে চলিব এই অভিযান ৷ অভিযানৰ সময়ত বন বিভাগৰ দলটোক সহায় কৰে বৰমা আৰক্ষী থানাৰ ভাৰপ্ৰাপ্ত বিষয়া দিতুমনি গোস্বামীয়ে ৷</p><p><strong>লগতে পঢ়ক : </strong><a href=\"https://www.etvbharat.com/assamese/assam/videos/other-videos/drugs-disposal-at-barbari-in-baska/assam20230717151007129129218\"><strong>Drugs disposed in Assam:বাক্সা জিলা আৰক্ষীয়ে দাহ কৰিলে ড্ৰাগছ</strong></a></p>",
      "image_url": "https://etvbharatimages.akamaized.net/etvbharat/prod-images/03-08-2023/1200-675-19172288-thumbnail-16x9-baksa.jpg",
      "web_url": "assamese/assam/videos/other-videos/forest-department-raids-against-illegal-saw-mills-in-baksa/assam20230803185632854854887",
      "alt_tags": "Forest department raids against illegal saw mills in baksa",
      "caption": "অবৈধ কাঠ ফলা মিলৰ বিৰুদ্ধে বন বিভাগৰ অভিযান",
      "id": 2
    },
    {
      "news": "Audio song Mone Bisare released: মুছলপুৰ প্ৰেছ ক্লাৱত কণ্ঠশিল্পী অংকুৰজ্যোতিৰ “মনে বিচাৰে’’ শীৰ্ষক গীত মুকলি",
      "keywords": [
        "Song released of Ankur Jyoti in Baska",
        "Song released of Ankur Jyoti",
        "Audio song Mone Bisare released",
        "Mone Bisare song released",
        "কণ্ঠশিল্পী অংকুৰজ্যোতি",
        "মনে বিচাৰে শীৰ্ষক গীত মুকলি",
        "অংকুৰজ্যোতিৰ মনে বিচাৰে শীৰ্ষক গীতটো",
        "অংকুৰজ্যোতিৰ নতুন গীত মুকলি"
      ],
      "category": [
        "news"
      ],
      "publishedDate": 1691032065,
      "desc": "<p><strong>বাক্সা, 3 আগষ্ট : </strong>“জনম জনম’’, “নল বিৰিণা’’, “ভায়োলিনা’’ ইত্যাদি জনপ্ৰিয় গীতেৰে সংগীতপ্ৰেমী ৰাইজৰ মৰম বুটলিবলৈ সক্ষম হৈছে বাক্সাৰ উদীয়মান অংকুৰজ্যোতিয়ে । শেহতীয়াকৈ \"মনে বিচাৰে\" অপেক্ষা কৰি আছিল অনুৰাগীয়ে । ইতিমধ্যে ইনষ্টাগ্ৰামত টিয়েচাৰ মুকলি কৰাৰ পিচতেই অনুৰাগীৰ ৰিলছে পাঁচশৰ ঘৰ চুইছেগৈ । অৱশেষত বহু প্ৰত্যাশাৰ অন্তত সোমবাৰে মুছলপুৰ প্ৰেছ ক্লাৱত শুভমুক্তি দিয়া হয় অংকুৰজ্যোতিৰ “মনে বিচাৰে’’ শীৰ্ষক গীতটো ।</p><p>উক্ত গীতটি আনুষ্ঠানিকভাৱে মুকলি কৰে বিশিষ্ট সাংস্কৃতিক কৰ্মী তথা মুছলপুৰ সংগীত বিদ্যালয়ৰ সমন্বয়ক অশ্বিনী কুমাৰ দাসে । গীতটো আনুষ্ঠানিকভাৱে মুকলিৰ পিচতে সমূহ অসমবাসী ৰাইজৰ মৰম বিচাৰে সহ কণ্ঠশিল্পী ৰিছা কাশ্যপে । তেওঁ অংকুৰজ্যোতিৰ সৈতে মনে বিচাৰে শীৰ্ষক গীতত কণ্ঠদান কৰি সুখী হোৱা বুলিও দোহাৰে ।</p><p><strong>লগতে পঢ়ক : </strong><a href=\"https://www.etvbharat.com/assamese/assam/state/sonitpur/song-released-of-prantik-krishnan-in-tezpur/assam20230701111211979979333\"><strong>Audio song Monore kobita released : মুকলি হ’ল প্ৰান্তিক কৃষ্ণনৰ ’মনৰে কবিতা’</strong></a></p>",
      "image_url": "https://etvbharatimages.akamaized.net/etvbharat/prod-images/03-08-2023/1200-675-19167756-thumbnail-16x9-baskaaaaa.jpg",
      "web_url": "assamese/assam/videos/other-videos/song-released-of-ankur-jyoti-in-baska/assam20230803083657580580835",
      "alt_tags": "Audio song Mone Bisare released",
      "caption": "অংকুৰজ্যোতিৰ নতুন গীত মুকলি",
      "id": 3
    },
    {
      "news": "Rhino body recovered: মানাহ ৰাষ্ট্ৰীয় উদ্যানত মৃত অৱস্থাত গঁড় উদ্ধাৰ",
      "keywords": [
        "মানাহ ৰাষ্ট্ৰীয় উদ্যানত মৃত অৱস্থাত গঁড় উদ্ধাৰ",
        "Manas National Park",
        "Rhino body recovered",
        "পুনৰ গঁড়ৰ মৃত্যু",
        "গঁড়ৰ কংকাল"
      ],
      "category": [
        "news"
      ],
      "publishedDate": 1690986214,
      "desc": "<p><strong>বাক্সা, 2 আগষ্ট : </strong>মানাহ ৰাষ্ট্ৰীয় উদ্যানত পুনৰ গঁড়ৰ মৃত্যু ৷ বাঁহবাৰী ৰেঞ্জৰ কাহিটেমা বীটৰ অন্তৰ্গত এলেকাত 31 জুলাইৰ নিশা উদ্ধাৰ কৰা হয় মৃত গঁড়টোৰ কংকাল ৷ মৃত গঁড়টো উপ-প্ৰাপ্তবয়স্ক (Sub Adult) মাইকী গঁড় বুলি জানিব পৰা গৈছে ৷ পৰস্পৰৰ মাজত হোৱা যুঁজত এটা প্ৰাপ্তবয়স্ক গঁড়ৰ আক্ৰমণত গঁড়টোৰ মৃত্যু হোৱা বুলি দাবী কৰে মানাহ ৰাষ্ট্ৰীয় উদ্যানৰ কৰ্তৃপক্ষই ৷&nbsp;</p><p>মৃত গঁড়টোৰ খৰ্গটো প্ৰাপ্তবয়স্ক পৰ্যায়ত থকা নাই বুলি দাবী কৰে কৰ্তৃপক্ষই &nbsp;৷ ইফালে গঁড়টোৰ মৃত্যুক লৈ বিভিন্নজনে বহু প্ৰশ্ন উত্থাপন কৰিছে ৷ এয়া মানাহ উদ্যান কৰ্তৃপক্ষৰ গাফিলতিৰ পৰিণতি বুলি দাবী কৰিছে স্থানীয় ৰাইজে ৷ &nbsp;চোৰাং চিকাৰীৰ আগ্ৰাসন বৃদ্ধি হোৱাৰ বাবেই এই ঘটনা সংঘটিত হোৱাৰ অভিযোগ উত্থাপন কৰে &nbsp;স্থানীয় লোকে ৷ &nbsp;</p><p>বিভাগে সদৰী কৰা অনুসৰি উদ্ধাৰ হোৱা গঁড়ৰ কংকালটো মাত্ৰ দুই-তিনিদিন পুৰণি কংকাল বুলি মানি ল'বলৈ অস্বীকাৰ একাংশৰ ৷ উল্লেখ্য যে, যোৱা 30 জুনত কাহিটেমা বীটতে উদ্ধাৰ হৈছিল আন এটা গঁড়ৰ কংকাল ৷</p><p><strong>লগতে পঢ়ক: </strong><a href=\"https://www.etvbharat.com/assamese/assam/state/kamrup-metropolitan/spice-prices-skyrocketed-in-assam/assam20230802164411281281543\"><strong>Spice Prices Skyrocketed: বজাৰত হোৰা হোৰে বৃদ্ধি পাইছে মছলাৰ দাম</strong></a></p>",
      "image_url": "https://etvbharatimages.akamaized.net/etvbharat/prod-images/02-08-2023/1200-675-19163696-thumbnail-16x9-chuparif.jpg",
      "web_url": "assamese/assam/videos/other-videos/rhino-body-recovered-at-manas-national-park/assam20230802195203747747722",
      "alt_tags": "rhino-body-recovered-at-manas-national-park",
      "caption": "মানাহ ৰাষ্ট্ৰীয় উদ্যানত মৃত অৱস্থাত গঁড় উদ্ধাৰ",
      "id": 4
    },
    {
      "news": "Protest Against Eviction Notice: বাক্সাৰ ভাৰত-ভূটান সীমান্তৰ দৰঙ্গা বনাঞ্চলত চলিব উচ্ছেদ; প্ৰতিবাদমুখৰ হৈ পৰিছে অঞ্চলবাসী",
      "keywords": [
        "Forest department notice Tamulpur",
        "Forest department Eviction notice in Tamulpur",
        "Protest Against Eviction Notice at Darranga Forest",
        "Protest Against Eviction Notice",
        "Darranga Forest in Baksa",
        "Protest Against Eviction Notice in Baksa",
        "দৰঙ্গা সংৰক্ষিত বনাঞ্চল",
        "কুমাৰীকাটা বনাঞ্চলিক কাৰ্যালয়"
      ],
      "category": [
        "news"
      ],
      "publishedDate": 1690092596,
      "desc": "<p><strong>বাক্সা, 23 জুলাই :</strong> তামুলপুৰ মহকুমাৰ কুমাৰীকাটা বনাঞ্চলিক কাৰ্যালয়ৰ অধীনত থকা দৰঙ্গা বনাঞ্চলত অবৈধভাৱে বসবাস কৰা 210 ঘৰ লোকক উচ্ছেদৰ জাননী ৷ 15 দিনৰ ভিতৰত বনভূমিৰ পৰা আঁতৰি যোৱাৰ নিৰ্দেশ বন বিভাগৰ ৷ 22 জুলাইত এই 210 ঘৰ লোকক বন বিভাগৰ তৰফৰ পৰা পৰা জাৰি কৰা হৈছে জাননী ৷ &nbsp;</p><p>উচ্ছেদৰ জাননী লাভ কৰাৰ পিছতে প্ৰতিবাদমুখৰ হৈ পৰিছে অঞ্চলবাসী ৷ জাননী লাভ কৰাৰ পিছতে এবিএমছুৰ নেতৃত্বত প্ৰায় পাঁচ শতাধিক লোকে শনিবাৰে বিজেপি চৰকাৰ হায় হায়, প্ৰমোদ বড়ো চৰকাৰ মিছলীয়া, এই উচ্ছেদ মানি লোৱা নহ’ব, ইউ পি পি এল মূর্দাবাদ, জলেন দৈমাৰী মূর্দাবাদ আদি শ্ল’গানেৰে উত্তাল প্ৰতিবাদ সাব্যস্ত কৰে ৷ তেজ দিম মাটি আমি নিদিওঁ, ধাৰাবাহিক আন্দোলনৰ বাবে আমি সাজু বুলি মন্তব্য কৰে প্ৰতিবাদকাৰী সকলে ৷&nbsp;</p><p>কোনোপধ্যেই মাটি এৰি নিদিওঁ বুলি স্পষ্ট দিছে প্ৰতিবাদকাৰী সকলে ৷ উল্লেখযোগ্য যে, বিগত কেইবাবছৰৰ পৰা অবৈধভাৱে ভূমি দখল কৰি বসবাস কৰি অহাৰ অভিযোগ উঠিছে এই সকলক লোকৰ বিৰুদ্ধে ৷</p><p><strong>লগতে পঢ়ক : </strong><a href=\"https://www.etvbharat.com/assamese/assam/state/barpeta/reserve-clause-to-ic-gopal-borah-in-howly/assam20230723072611595595771\"><strong>Reserve close to IC: হাউলী থানাৰ ভাৰপ্ৰাপ্ত বিষয়া গোপাল বৰাক ৰিজাৰ্ভ ক্ল'জ</strong></a></p>",
      "image_url": "https://etvbharatimages.akamaized.net/etvbharat/prod-images/23-07-2023/1200-675-19072822-thumbnail-16x9-eviction.jpg",
      "web_url": "assamese/assam/videos/other-videos/protest-against-eviction-notice-at-darranga-forest-in-baksa/assam20230723113833088088256",
      "alt_tags": "Protest Against Eviction Notice at Darranga Forest",
      "caption": "উচ্ছেদৰ জাননী লাভ কৰাৰ পিছতে প্ৰতিবাদ",
      "id": 5
    },
    {
      "news": "Minor Rape Case : বাক্সাৰ বৰবৰীত দুটাকৈ জঘন্য ধৰ্ষণকাণ্ড",
      "keywords": [
        "Minor Rape Case",
        "Minor Rape Case in Baksa",
        "ধৰ্ষণকাণ্ড",
        "বাক্সাৰ বৰবৰী",
        "বৰবৰী আৰক্ষী থানা"
      ],
      "category": [
        "news"
      ],
      "publishedDate": 1690984962,
      "desc": "দুটাকৈ ধৰ্ষণ কাণ্ডই জোকাৰি গৈছে বাক্সা ৷ এগৰাকী ১২ বছৰীয়া আৰু ১৬ বছৰীয়া নাবালিকা ধৰ্ষণৰ বলি হ’ল বিবাহিত পুৰুষৰ ৷",
      "image_url": "https://etvbharatimages.akamaized.net/etvbharat/prod-images/02-08-2023/1200-675-19163074-thumbnail-16x9-baksa.jpg",
      "web_url": "assamese/assam/state/baksha/minor-rape-case-creates-uproar-in-baksa/assam20230802193240356356173",
      "alt_tags": "Minor Rape Case in Baksa",
      "caption": "জঘন্য ধৰ্ষণকাণ্ড",
      "id": 6
    },
    {
      "news": "Awareness on witch hunting: মানৱ সৰবৰাহ অন্ধবিশ্বাস বাল্যবিৱাহ ডাইনী হত্যাৰ ওপৰত সজাগতা সভা",
      "keywords": [
        "অন্ধবিশ্বাস",
        "মানৱ সৰবৰাহ",
        "বাল্যবিৱাহ",
        "ডাইনী হত্যা",
        "awareness program",
        "awareness progarm on child marriage",
        "witch hunting human trafficking superstition",
        "witch hunting",
        "human trafficking",
        "superstition",
        "Evil reforms"
      ],
      "category": [
        "news"
      ],
      "publishedDate": 1690824212,
      "desc": "বাক্সাৰ দাৰাগাঁৱত মানৱ সৰবৰাহ, অন্ধবিশ্বাস, বাল্যবিৱাহ, ডাইনী হত্যাৰ ওপৰত সজাগতা সভা ৷ উদ্যোক্তাই সজাগতা সভাখন সফলতাৰে সম্পন্ন হয় বুলি মত প্ৰকাশ কৰে ৷",
      "image_url": "https://etvbharatimages.akamaized.net/etvbharat/prod-images/31-07-2023/1200-675-19146929-thumbnail-16x9-awareness-meeting.jpg",
      "web_url": "assamese/assam/state/baksha/awareness-program-on-child-marriage-witch-hunting-human-trafficking-superstition-evil-reforms/assam20230731225330525525877",
      "alt_tags": "awareness program",
      "caption": "সজাগতা সভা",
      "id": 7
    },
    {
      "news": "700 men and women join UPPL:বাক্সাৰ মুছলপুৰত UPPL দলত যোগদান ৭০০ পুৰুষ-মহিলাৰ",
      "keywords": [
        "বাক্সাৰ মুছলপুৰত UPPL দলত যোগদান ",
        "700 men and women join UPPL",
        "700 men and women join UPPL in Baksa musalpur",
        "UPPL",
        "ইউ পি পি এল দল",
        "বাক্সা জিলা",
        "বাক্সা জিলাৰ সদৰ মুছলপুৰ"
      ],
      "category": [
        "news"
      ],
      "publishedDate": 1689943139,
      "desc": "<p><strong>বাক্সা, ২১ জুলাই :</strong> শান্তি সম্প্ৰীতিৰ শ্ল’গান দিয়া ইউ.পি.পি.এল দলৰ প্ৰতি আকৃষ্ট হৈছে অধিকাংশ লোক । আগন্তুক লোকসভা নিৰ্বাচনৰ পূৰ্বে দলটোলৈ ঢাপলি মেলিছে বিপিএফ আৰু অন্যান্য দলৰ বহু লোক । মুছলপুৰ ব্লক ইউ.পি.পি.এলৰ উদ্যোগত শুকুৰবাৰে অনুষ্ঠিত হয় বিশাল যোগদান সমাৰোহ । &nbsp;বাক্সা জিলাৰ সদৰ মুছলপুৰৰ সমীপৱৰ্তী অদালবাৰীত বিশাল যোগদান সমাৰোহ সভাৰ জৰিয়তে ৭০০ পুৰুষ মহিলাই ইউ.পি.পি.এল দলত আনুষ্ঠানিকভাৱে যোগদান কৰে ।</p><p>এই যোগদান কাৰ্যসূচীত বিটিআৰৰ কাৰ্যবাহী সদস্য ৰাকেশ ব্ৰহ্ম, নিলোৎ স্বৰ্গীয়াৰী, এম.চি.এল.এ মণ্টু বড়ো, ইউ.পি.পি.এলৰ কেন্দ্ৰীয় নেতা ৰাজু নাৰ্জাৰীৰ উপস্থিতিত নতুন সদস্যসকলক গামোচা আৰু আৰ’নাইৰে আদৰণি জনোৱা হয় । উক্ত কাৰ্যসূচীত উপস্থিত থাকি বিটিআৰৰ কাৰ্যবাহী সদস্য ৰাকেশ ব্ৰহ্মই কয় যে মুছলপুৰ পৰিষদীয় সমষ্টিক সম্পূৰ্ণৰূপে বিপিএফ মুক্ত কৰিবলৈ সকলো লোক আগবাঢ়ি আহিছে ।</p><p><strong>লগতে পঢ়ক :</strong><a href=\"https://www.etvbharat.com/assamese/assam/videos/other-videos/em-arup-kumar-dey-slams-uppl-gs-raju-narzary/assam20230717121358842842339\"><strong> EM Arup Kumar Dey Reaction: ইউপিপিএলৰ সাধাৰণ সম্পাদক ৰাজু নাৰ্জাৰীক কটাক্ষ বিজেপি নেতা অৰূপ কুমাৰ দে’ৰ</strong></a></p>",
      "image_url": "https://etvbharatimages.akamaized.net/etvbharat/prod-images/21-07-2023/1200-675-19059989-thumbnail-16x9-uppl.jpg",
      "web_url": "assamese/assam/videos/other-videos/700-men-and-women-join-uppl-in-baksa-musalpur/assam20230721180744442442942",
      "alt_tags": "700 men and women join UPPL",
      "caption": "UPPL দলত যোগদান ৭০০ পুৰুষ-মহিলাৰ",
      "id": 8
    },
    {
      "news": "Drugs disposed in Assam:বাক্সা জিলা আৰক্ষীয়ে দাহ কৰিলে ড্ৰাগছ",
      "keywords": [
        "drugs disposal at barbari in baska",
        "বাক্সা জিলা আৰক্ষীয়ে দাহন কৰিলে ড্ৰাগছ",
        "Drugs disposed in Assam",
        "বাক্সা জিলা আৰক্ষীয়ে দাহন কৰিলে ড্ৰাগছ"
      ],
      "category": [
        "news"
      ],
      "publishedDate": 1689586854,
      "desc": "<p><strong>বাক্সা, ১৭ জুলাই :</strong>বাক্সাত আৰক্ষীৰ বেহুৰ মাজত দাও দাও কৈ জ্বলিছে এখন চিতা । ৰ’ব এই চিতা কোনো মৃত ব্যক্তিৰ নহয় ৷ দৰাচলতে এই &nbsp;চিতাত জ্বলিল আৰক্ষীয়ে জব্দ কৰা ড্ৰাগছ । জিলাখনৰ বৰবৰীৰ মৰাপাগলাদিয়া নৈৰ পাৰত ড্ৰাগছ জ্বলোৱা&nbsp;কাৰ্যসূচীত উপস্থিত থাকে বাক্সা জিলা আৰক্ষী অধীক্ষক ৰাজেন সিং, জিলা ন্যায়াধীষৰ লগতে কেইবাগৰাকী আৰক্ষী বিষয়া । ২০২০ -২১ চনৰ পাছত আৰক্ষী প্ৰশাসনৰ সন্মুখত জ্বলোৱা এইখন দ্বিতীয় চিতা ।</p><p>ড্ৰাগছ সেৱনকাৰী আৰু সৰবৰাহকাৰীৰ পৰা আৰক্ষী প্ৰশাসনে জব্দ কৰা ভাং, হেৰ'ইন, টেৱলেট, মেথাম ফেচামাইন আদিকে কৰি ৪৭,৮৫,৪০০ টকাৰ ড্ৰাগছ দাহন কৰে বাক্সা আৰক্ষীয়ে । ইপিনে,পূৰ্বতকৈ ড্ৰাগছ সৰবৰাহ আৰু সেৱনকাৰীৰ সংখ্যা কমিছে যদিও বাক্সা জিলা ড্ৰাগছমুক্ত হোৱা নাই বুলি মন্তব্য কৰে আৰক্ষী অধীক্ষক ৰাজেন সিঙে । বাক্সা জিলাক ড্ৰাগছ মুক্ত কৰাৰ কাৰণে বাক্সা আৰক্ষী প্ৰশাসনে অভিযান অব্যাহত ৰাখিব বুলি মন্তব্য কৰে আৰক্ষী অধীক্ষকগৰাকীয়ে ।</p><p><strong>লগতে পঢ়ক:</strong><a href=\"https://www.etvbharat.com/assamese/assam/videos/other-videos/mla-phani-bhusan-choudhury-reacts-over-constituency-delimitation/assam20230717100526806806732\"><strong>MLA Phani Bhusan Choudhury: সমষ্টি পুনৰ নিৰ্ধাৰণৰ খচৰাক লৈ প্ৰতিক্ৰিয়া বিধায়ক ফণীভূষণ চৌধুৰীৰ</strong></a></p>",
      "image_url": "https://etvbharatimages.akamaized.net/etvbharat/prod-images/17-07-2023/1200-675-19019746-thumbnail-16x9-kk-aspera.jpg",
      "web_url": "assamese/assam/videos/other-videos/drugs-disposal-at-barbari-in-baska/assam20230717151007129129218",
      "alt_tags": "Drugs disposed in Assam",
      "caption": "দাও দাও কৈ জ্বলিল চিতা",
      "id": 9
    },
    {
      "news": "Margadarsi Chit Fund case: মাৰ্গদৰ্শী চিটফাণ্ড গোচৰত সৰ্বোচ্চ ন্যায়ালয়ত মুখ থেকেচা অন্ধ্ৰ প্ৰদেশ চৰকাৰৰ",
      "keywords": [
        "Apex court refuses to interfere with TS High Court orders on Margadarsi Chit Fund case",
        "Supreme Court dismissed two SLPs",
        "SLPs filed by the AP government",
        "Supreme Court on Margadarsi chit fund case",
        "SC refuses to interfere with TS HC",
        "Setback to AP govt"
      ],
      "category": [
        "news"
      ],
      "publishedDate": 1691160520,
      "desc": "তেলেংগানা উচ্চ ন্যায়ালয়ৰ ৰায়দানকে বাহাল ৰাখিলে সৰ্বোচ্চ ন্যায়ালয়ে ৷ মাৰ্গদৰ্শী কোম্পানীৰ অধ্যক্ষ ৰামোজী ৰাও আৰু পৰিচালন সঞ্চালক চাইলাজা কিৰণৰ বিৰুদ্ধে এতিয়া ল’ব নোৱাৰিব কোনো ধৰণৰ শাস্তিমূলক ব্যৱস্থা ৷ তেলেংগানা উচ্চ ন্যায়ালয়ৰ ৰায়ক প্ৰত্যাহ্বান জনায় সৰ্বোচ্চ ন্যায়ালৰ কাষ চাপিছিল অন্ধ্ৰ প্ৰদেশ চৰকাৰ ৷",
      "image_url": "https://etvbharatimages.akamaized.net/etvbharat/prod-images/04-08-2023/1200-675-19182799-thumbnail-16x9-tl.jpg",
      "web_url": "assamese/assam/bharat/supreme-court-refuses-to-interfere-with-ts-hc-orders-on-margadarsi-chit-fund-case/assam20230804201839366366991",
      "alt_tags": "Margadarsi Chit Fund case",
      "caption": "Margadarsi Chit Fund case",
      "id": 10
    },
    {
      "news": "Cough syrup seized: প্ৰায় 3.50 কো‌টি টকাৰ ফেন্সি‌ডাইল কফ চিৰাপ জব্দ",
      "keywords": [
        "3 Crore worth cough syrup seized",
        "ফেন্সি‌ডাইল কফ চিৰাপ জব্দ",
        "চালক আৰু সহ চালককো গ্ৰেপ্তাৰ"
      ],
      "category": [
        "news"
      ],
      "publishedDate": 1691160377,
      "desc": "<p><strong>আগৰতলা, 4 আগষ্ট : </strong>ত্ৰিপুৰাৰ বজৰিচৰাৰ থানাৰ অন্তৰ্গত অসম-ত্ৰিপুৰা সীমান্তৰ চুৰাইবাৰী আৰক্ষীয়ে চাউল ভৰ্তি ৬ চকীয়া ল’ৰী এখনৰ পৰা প্ৰায় 3.50 কো‌টি টকাৰ ফেন্সি‌ডাইল জব্দ কৰে। 353 টা কাৰ্টনত 35,300 টা ফেন্সি‌ডাইলৰ বটল উদ্ধাৰ কৰিবলৈ সক্ষম হয় আৰক্ষীয়ে । আৰক্ষীয়ে ল’ৰীখনৰ চালক আৰু সহ চালককো গ্ৰেপ্তাৰ কৰা হয়।&nbsp;</p><p>জানিব পৰা মতে, শুকুৰবাৰে অসম-ত্ৰিপুৰা 8 নং ৰাষ্ট্ৰীয় ঘাইপথেৰে ত্ৰিপুৰাত প্ৰৱেশ কৰিবলৈ চাউল ভৰ্তি এখন 6 চকীয়া ল’ৰী উপস্থিত হয়। ল’ৰীখনত গাড়ীৰ ভিতৰত থকা চাউলৰ বস্তাৰ মাজৰ পৰা 353 টা কাৰ্টনত থকা 35,300 টা ফেন্সি‌ডাইল জব্দ কৰা হয় । যাৰ ক’লা বজাৰ মূল্য প্ৰায় 3.50 কো‌টি টকা হ’ব বুলি আৰক্ষীয়ে জানিবলৈ দিয়ে।&nbsp;</p><p>গ্ৰেপ্তাৰ হোৱা ল’ৰী চালক আৰু সহ চালক দুয়ো ক্ৰমে ৰাফাত আলী আৰু আছিফ আলী বুলি আৰক্ষীয়ে জানিবলৈ দিয়ে । ধৃত দুয়োৰে ঘৰ উত্তৰ প্ৰদেশত। ইতিমধ্য়ে আৰক্ষীয়ে নিৰ্দিষ্ট ধাৰাত গোচৰ ৰুজু কৰি অভিযুক্ত কেইটাৰ বিৰুদ্ধে তদন্ত আৰম্ভ কৰিছে ৷</p><p><strong>লগতে পঢ়ক: </strong><a href=\"https://www.etvbharat.com/assamese/assam/videos/other-videos/two-arrested-related-to-illegal-liquor-at-teok/assam20230804171435455455038\"><strong>Illegal liquor joints : টীয়কত অবৈধ সুৰাৰ ঘাটি উচ্ছেদ, দুজনক গ্ৰেপ্তাৰ</strong></a></p>",
      "image_url": "https://etvbharatimages.akamaized.net/etvbharat/prod-images/04-08-2023/1200-675-19182824-thumbnail-16x9-suragvfgggvj.jpg",
      "web_url": "assamese/assam/videos/other-videos/3-crore-worth-cough-syrup-seized/assam20230804201530351351328",
      "alt_tags": "3 Crore worth cough syrup seized",
      "caption": "ফেন্সি‌ডাইল কফ চিৰাপ জব্দ",
      "id": 11
    },
    {
      "news": "Stamp Paper Issue: নষ্ট হ’ব ৰাজ্যত মজুত থকা ৫০০ কোটি মূল্যৰ দলিল",
      "keywords": [
        "Stamp Paper Sellers Association PC in Jorhat",
        "PC in Jorhat",
        "যোৰহাটত ষ্টাম্প পেপাৰ বিক্রেতা সংস্থাৰ সংবাদমেল"
      ],
      "category": [
        "news"
      ],
      "publishedDate": 1691160360,
      "desc": "ৰাজ্য চৰকাৰ এক সিদ্ধান্তই লোকচান কৰিব ৫০০ কোটি টকা । যোৰহাটত ষ্টাম্প পেপাৰ বিক্রেতা সংস্থাৰ সংবাদমেলত এই কথা উল্লেখ কৰে ভেণ্ডৰ সন্থাৰ সম্পাদক বিপুল হাজৰিকাই ।",
      "image_url": "https://etvbharatimages.akamaized.net/etvbharat/prod-images/04-08-2023/1200-675-19182612-thumbnail-16x9-pc-aspera.jpg",
      "web_url": "assamese/assam/state/jorhat/stamp-paper-sellers-association-pc-in-jorhat/assam20230804201536663663467",
      "alt_tags": "Stamp Paper Sellers Association PC in Jorhat",
      "caption": "যোৰহাটত ষ্টাম্প পেপাৰ বিক্রেতা সংস্থাৰ সংবাদমেল",
      "id": 12
    },
    {
      "news": "Eviction notice at Darangamela:ভাৰত ভূটান সীমান্তৱৰ্তী দৰঙামেলাত বন বিভাগৰ উচ্ছেদৰ জাননী",
      "keywords": [
        "forest department eviction notice",
        "forest department",
        "eviction notice",
        "eviction notice at Darangamela",
        "বন বিভাগৰ উচ্ছেদৰ জাননী",
        "দৰঙামেলাত বন বিভাগৰ উচ্ছেদৰ জাননী",
        "ভাৰত ভূটান সীমান্তৱৰ্তী দৰঙামেলা",
        "দৰঙা সংৰক্ষিত বনাঞ্চল",
        "আদিবাসী ছাত্ৰ সন্থা",
        "চাহ জনজাতি ছাত্র সন্থা",
        "আটছা",
        "আদিবাসী চেংগেল অভিযান",
        "আদিবাসী চান্তালী ছাত্র সন্থা আটছা",
        "তীব্ৰ প্ৰতিবাদী কাৰ্যসূচী ৰূপায়ণ",
        "উচ্ছেদৰ জাননী",
        "Indo Bhutan border"
      ],
      "category": [
        "news"
      ],
      "publishedDate": 1691155418,
      "desc": "ভাৰত ভূটান সীমান্তৱৰ্তী দৰঙামেলাত বন বিভাগৰ উচ্ছেদৰ জাননী ৷ আদিবাসী চান্তালী ছাত্র সন্থা আটছা আৰু ভূমি সুৰক্ষা সমিতিৰ নেতৃত্বত তীব্ৰ প্ৰতিবাদী কাৰ্যসূচী ৰূপায়ণ ৷",
      "image_url": "https://etvbharatimages.akamaized.net/etvbharat/prod-images/04-08-2023/1200-675-19180711-thumbnail-16x9-baksa.jpg",
      "web_url": "assamese/assam/state/baksha/forest-department-eviction-notice-at-darangamela-on-the-indo-bhutan-border/assam20230804185315826826738",
      "alt_tags": "forest department eviction notice",
      "caption": "বন বিভাগৰ উচ্ছেদৰ জাননী",
      "id": 13
    },
    {
      "news": "Raid against illegal saw mills: বাক্সাৰ বিভিন্ন প্ৰান্তত অবৈধ কাঠ ফলা মিলৰ বিৰুদ্ধে বন বিভাগৰ অভিযান",
      "keywords": [
        "অবৈধ কাঠ ফলা মিলৰ বিৰুদ্ধে বন বিভাগৰ অভিযান",
        "Forest department raids",
        "raids against illegal saw mills in baksa",
        "raids against illegal saw mills",
        "Barama illegal saw mill",
        "অবৈধ কাঠ ফলা মিল",
        "বন বিভাগৰ অভিযান",
        "বাক্সা",
        "বাক্সা জিলাৰ বাটাবাৰী ৰেঞ্জৰ বন বিভাগ",
        "বাক্সা জিলাৰ বৰমাৰ দীঘেলী",
        "অবৈধ কাঠমিল ব্যৱসায়ী"
      ],
      "category": [
        "news"
      ],
      "publishedDate": 1691069238,
      "desc": "<p><strong>বাক্সা, ৩ আগষ্ট : </strong>বাক্সাত অনুজ্ঞাপত্ৰবিহীনভাৱে কাঠফুলাৰ দৰে গঢ় লৈ উঠিছে অবৈধ কাঠ ফলা মিল ৷ গ্ৰাম্যাঞ্চলত অতি সংগোপনে এই কাঠ ফলা মিলসমূহ চলাই আহিছে একাংশ অসাধু ব্যৱসায়ীয়ে ৷ বিভিন্ন গাঁও তথা পাহাৰীয়া এলেকাৰ গছ ফালি কাঠৰ এক ৰমৰমীয়া ব্যৱসায় চলাই আহিছে তেওঁলোকে ৷</p><p>বৃহস্পতিবাৰে বাক্সা জিলাৰ বৰমাৰ দীঘেলীত বাক্সা জিলাৰ বাটাবাৰী ৰেঞ্জৰ বন বিভাগৰ এটা দলে এক বিশেষ সূত্ৰৰ পম খেদি অবৈধভাৱে গঢ় লৈ উঠা এটা কাঠ মিল জব্দ কৰে ৷ বাক্সা জিলা বন বিভাগে আজি পুৱা আকস্মিকভাৱে চলাই এই অভিযান ৷ আজিৰে পৰা এই অভিযান আৰম্ভ হৈছে বুলি জানিবলৈ দিয়ে বন বিভাগে ৷</p><p>জিলাখনত আৰু বহুতো অবৈধ কাঠমিল আছে বুলি উল্লেখ কৰি জিলাখনত কোনো অবৈধ কাঠমিল ব্যৱসায়ী সাৰি যাব নোৱাৰে বুলি সকীয়নি দিয়ে বন বিষয়াই ৷ বাক্সা জিলাৰ বাটাবাৰী ৰেঞ্জৰ বন বিভাগৰ ৰেঞ্জাৰ ৰজনী দৈমাৰীৰ নেতৃত্বত চলে এই অভিযান ৷ প্ৰতিটো অবৈধ কাঠফলা মিলৰ বিৰুদ্ধে চলিব এই অভিযান ৷ অভিযানৰ সময়ত বন বিভাগৰ দলটোক সহায় কৰে বৰমা আৰক্ষী থানাৰ ভাৰপ্ৰাপ্ত বিষয়া দিতুমনি গোস্বামীয়ে ৷</p><p><strong>লগতে পঢ়ক : </strong><a href=\"https://www.etvbharat.com/assamese/assam/videos/other-videos/drugs-disposal-at-barbari-in-baska/assam20230717151007129129218\"><strong>Drugs disposed in Assam:বাক্সা জিলা আৰক্ষীয়ে দাহ কৰিলে ড্ৰাগছ</strong></a></p>",
      "image_url": "https://etvbharatimages.akamaized.net/etvbharat/prod-images/03-08-2023/1200-675-19172288-thumbnail-16x9-baksa.jpg",
      "web_url": "assamese/assam/videos/other-videos/forest-department-raids-against-illegal-saw-mills-in-baksa/assam20230803185632854854887",
      "alt_tags": "Forest department raids against illegal saw mills in baksa",
      "caption": "অবৈধ কাঠ ফলা মিলৰ বিৰুদ্ধে বন বিভাগৰ অভিযান",
      "id": 14
    },
    {
      "news": "Audio song Mone Bisare released: মুছলপুৰ প্ৰেছ ক্লাৱত কণ্ঠশিল্পী অংকুৰজ্যোতিৰ “মনে বিচাৰে’’ শীৰ্ষক গীত মুকলি",
      "keywords": [
        "Song released of Ankur Jyoti in Baska",
        "Song released of Ankur Jyoti",
        "Audio song Mone Bisare released",
        "Mone Bisare song released",
        "কণ্ঠশিল্পী অংকুৰজ্যোতি",
        "মনে বিচাৰে শীৰ্ষক গীত মুকলি",
        "অংকুৰজ্যোতিৰ মনে বিচাৰে শীৰ্ষক গীতটো",
        "অংকুৰজ্যোতিৰ নতুন গীত মুকলি"
      ],
      "category": [
        "news"
      ],
      "publishedDate": 1691032065,
      "desc": "<p><strong>বাক্সা, 3 আগষ্ট : </strong>“জনম জনম’’, “নল বিৰিণা’’, “ভায়োলিনা’’ ইত্যাদি জনপ্ৰিয় গীতেৰে সংগীতপ্ৰেমী ৰাইজৰ মৰম বুটলিবলৈ সক্ষম হৈছে বাক্সাৰ উদীয়মান অংকুৰজ্যোতিয়ে । শেহতীয়াকৈ \"মনে বিচাৰে\" অপেক্ষা কৰি আছিল অনুৰাগীয়ে । ইতিমধ্যে ইনষ্টাগ্ৰামত টিয়েচাৰ মুকলি কৰাৰ পিচতেই অনুৰাগীৰ ৰিলছে পাঁচশৰ ঘৰ চুইছেগৈ । অৱশেষত বহু প্ৰত্যাশাৰ অন্তত সোমবাৰে মুছলপুৰ প্ৰেছ ক্লাৱত শুভমুক্তি দিয়া হয় অংকুৰজ্যোতিৰ “মনে বিচাৰে’’ শীৰ্ষক গীতটো ।</p><p>উক্ত গীতটি আনুষ্ঠানিকভাৱে মুকলি কৰে বিশিষ্ট সাংস্কৃতিক কৰ্মী তথা মুছলপুৰ সংগীত বিদ্যালয়ৰ সমন্বয়ক অশ্বিনী কুমাৰ দাসে । গীতটো আনুষ্ঠানিকভাৱে মুকলিৰ পিচতে সমূহ অসমবাসী ৰাইজৰ মৰম বিচাৰে সহ কণ্ঠশিল্পী ৰিছা কাশ্যপে । তেওঁ অংকুৰজ্যোতিৰ সৈতে মনে বিচাৰে শীৰ্ষক গীতত কণ্ঠদান কৰি সুখী হোৱা বুলিও দোহাৰে ।</p><p><strong>লগতে পঢ়ক : </strong><a href=\"https://www.etvbharat.com/assamese/assam/state/sonitpur/song-released-of-prantik-krishnan-in-tezpur/assam20230701111211979979333\"><strong>Audio song Monore kobita released : মুকলি হ’ল প্ৰান্তিক কৃষ্ণনৰ ’মনৰে কবিতা’</strong></a></p>",
      "image_url": "https://etvbharatimages.akamaized.net/etvbharat/prod-images/03-08-2023/1200-675-19167756-thumbnail-16x9-baskaaaaa.jpg",
      "web_url": "assamese/assam/videos/other-videos/song-released-of-ankur-jyoti-in-baska/assam20230803083657580580835",
      "alt_tags": "Audio song Mone Bisare released",
      "caption": "অংকুৰজ্যোতিৰ নতুন গীত মুকলি",
      "id": 15
    },
    {
      "news": "Rhino body recovered: মানাহ ৰাষ্ট্ৰীয় উদ্যানত মৃত অৱস্থাত গঁড় উদ্ধাৰ",
      "keywords": [
        "মানাহ ৰাষ্ট্ৰীয় উদ্যানত মৃত অৱস্থাত গঁড় উদ্ধাৰ",
        "Manas National Park",
        "Rhino body recovered",
        "পুনৰ গঁড়ৰ মৃত্যু",
        "গঁড়ৰ কংকাল"
      ],
      "category": [
        "news"
      ],
      "publishedDate": 1690986214,
      "desc": "<p><strong>বাক্সা, 2 আগষ্ট : </strong>মানাহ ৰাষ্ট্ৰীয় উদ্যানত পুনৰ গঁড়ৰ মৃত্যু ৷ বাঁহবাৰী ৰেঞ্জৰ কাহিটেমা বীটৰ অন্তৰ্গত এলেকাত 31 জুলাইৰ নিশা উদ্ধাৰ কৰা হয় মৃত গঁড়টোৰ কংকাল ৷ মৃত গঁড়টো উপ-প্ৰাপ্তবয়স্ক (Sub Adult) মাইকী গঁড় বুলি জানিব পৰা গৈছে ৷ পৰস্পৰৰ মাজত হোৱা যুঁজত এটা প্ৰাপ্তবয়স্ক গঁড়ৰ আক্ৰমণত গঁড়টোৰ মৃত্যু হোৱা বুলি দাবী কৰে মানাহ ৰাষ্ট্ৰীয় উদ্যানৰ কৰ্তৃপক্ষই ৷&nbsp;</p><p>মৃত গঁড়টোৰ খৰ্গটো প্ৰাপ্তবয়স্ক পৰ্যায়ত থকা নাই বুলি দাবী কৰে কৰ্তৃপক্ষই &nbsp;৷ ইফালে গঁড়টোৰ মৃত্যুক লৈ বিভিন্নজনে বহু প্ৰশ্ন উত্থাপন কৰিছে ৷ এয়া মানাহ উদ্যান কৰ্তৃপক্ষৰ গাফিলতিৰ পৰিণতি বুলি দাবী কৰিছে স্থানীয় ৰাইজে ৷ &nbsp;চোৰাং চিকাৰীৰ আগ্ৰাসন বৃদ্ধি হোৱাৰ বাবেই এই ঘটনা সংঘটিত হোৱাৰ অভিযোগ উত্থাপন কৰে &nbsp;স্থানীয় লোকে ৷ &nbsp;</p><p>বিভাগে সদৰী কৰা অনুসৰি উদ্ধাৰ হোৱা গঁড়ৰ কংকালটো মাত্ৰ দুই-তিনিদিন পুৰণি কংকাল বুলি মানি ল'বলৈ অস্বীকাৰ একাংশৰ ৷ উল্লেখ্য যে, যোৱা 30 জুনত কাহিটেমা বীটতে উদ্ধাৰ হৈছিল আন এটা গঁড়ৰ কংকাল ৷</p><p><strong>লগতে পঢ়ক: </strong><a href=\"https://www.etvbharat.com/assamese/assam/state/kamrup-metropolitan/spice-prices-skyrocketed-in-assam/assam20230802164411281281543\"><strong>Spice Prices Skyrocketed: বজাৰত হোৰা হোৰে বৃদ্ধি পাইছে মছলাৰ দাম</strong></a></p>",
      "image_url": "https://etvbharatimages.akamaized.net/etvbharat/prod-images/02-08-2023/1200-675-19163696-thumbnail-16x9-chuparif.jpg",
      "web_url": "assamese/assam/videos/other-videos/rhino-body-recovered-at-manas-national-park/assam20230802195203747747722",
      "alt_tags": "rhino-body-recovered-at-manas-national-park",
      "caption": "মানাহ ৰাষ্ট্ৰীয় উদ্যানত মৃত অৱস্থাত গঁড় উদ্ধাৰ",
      "id": 16
    },
    {
      "news": "Minor Rape Case : বাক্সাৰ বৰবৰীত দুটাকৈ জঘন্য ধৰ্ষণকাণ্ড",
      "keywords": [
        "Minor Rape Case",
        "Minor Rape Case in Baksa",
        "ধৰ্ষণকাণ্ড",
        "বাক্সাৰ বৰবৰী",
        "বৰবৰী আৰক্ষী থানা"
      ],
      "category": [
        "news"
      ],
      "publishedDate": 1690984962,
      "desc": "দুটাকৈ ধৰ্ষণ কাণ্ডই জোকাৰি গৈছে বাক্সা ৷ এগৰাকী ১২ বছৰীয়া আৰু ১৬ বছৰীয়া নাবালিকা ধৰ্ষণৰ বলি হ’ল বিবাহিত পুৰুষৰ ৷",
      "image_url": "https://etvbharatimages.akamaized.net/etvbharat/prod-images/02-08-2023/1200-675-19163074-thumbnail-16x9-baksa.jpg",
      "web_url": "assamese/assam/state/baksha/minor-rape-case-creates-uproar-in-baksa/assam20230802193240356356173",
      "alt_tags": "Minor Rape Case in Baksa",
      "caption": "জঘন্য ধৰ্ষণকাণ্ড",
      "id": 17
    },
    {
      "news": "Awareness on witch hunting: মানৱ সৰবৰাহ অন্ধবিশ্বাস বাল্যবিৱাহ ডাইনী হত্যাৰ ওপৰত সজাগতা সভা",
      "keywords": [
        "অন্ধবিশ্বাস",
        "মানৱ সৰবৰাহ",
        "বাল্যবিৱাহ",
        "ডাইনী হত্যা",
        "awareness program",
        "awareness progarm on child marriage",
        "witch hunting human trafficking superstition",
        "witch hunting",
        "human trafficking",
        "superstition",
        "Evil reforms"
      ],
      "category": [
        "news"
      ],
      "publishedDate": 1690824212,
      "desc": "বাক্সাৰ দাৰাগাঁৱত মানৱ সৰবৰাহ, অন্ধবিশ্বাস, বাল্যবিৱাহ, ডাইনী হত্যাৰ ওপৰত সজাগতা সভা ৷ উদ্যোক্তাই সজাগতা সভাখন সফলতাৰে সম্পন্ন হয় বুলি মত প্ৰকাশ কৰে ৷",
      "image_url": "https://etvbharatimages.akamaized.net/etvbharat/prod-images/31-07-2023/1200-675-19146929-thumbnail-16x9-awareness-meeting.jpg",
      "web_url": "assamese/assam/state/baksha/awareness-program-on-child-marriage-witch-hunting-human-trafficking-superstition-evil-reforms/assam20230731225330525525877",
      "alt_tags": "awareness program",
      "caption": "সজাগতা সভা",
      "id": 18
    },
    {
      "news": "Protest Against Eviction Notice: বাক্সাৰ ভাৰত-ভূটান সীমান্তৰ দৰঙ্গা বনাঞ্চলত চলিব উচ্ছেদ; প্ৰতিবাদমুখৰ হৈ পৰিছে অঞ্চলবাসী",
      "keywords": [
        "Forest department notice Tamulpur",
        "Forest department Eviction notice in Tamulpur",
        "Protest Against Eviction Notice at Darranga Forest",
        "Protest Against Eviction Notice",
        "Darranga Forest in Baksa",
        "Protest Against Eviction Notice in Baksa",
        "দৰঙ্গা সংৰক্ষিত বনাঞ্চল",
        "কুমাৰীকাটা বনাঞ্চলিক কাৰ্যালয়"
      ],
      "category": [
        "news"
      ],
      "publishedDate": 1690092596,
      "desc": "<p><strong>বাক্সা, 23 জুলাই :</strong> তামুলপুৰ মহকুমাৰ কুমাৰীকাটা বনাঞ্চলিক কাৰ্যালয়ৰ অধীনত থকা দৰঙ্গা বনাঞ্চলত অবৈধভাৱে বসবাস কৰা 210 ঘৰ লোকক উচ্ছেদৰ জাননী ৷ 15 দিনৰ ভিতৰত বনভূমিৰ পৰা আঁতৰি যোৱাৰ নিৰ্দেশ বন বিভাগৰ ৷ 22 জুলাইত এই 210 ঘৰ লোকক বন বিভাগৰ তৰফৰ পৰা পৰা জাৰি কৰা হৈছে জাননী ৷ &nbsp;</p><p>উচ্ছেদৰ জাননী লাভ কৰাৰ পিছতে প্ৰতিবাদমুখৰ হৈ পৰিছে অঞ্চলবাসী ৷ জাননী লাভ কৰাৰ পিছতে এবিএমছুৰ নেতৃত্বত প্ৰায় পাঁচ শতাধিক লোকে শনিবাৰে বিজেপি চৰকাৰ হায় হায়, প্ৰমোদ বড়ো চৰকাৰ মিছলীয়া, এই উচ্ছেদ মানি লোৱা নহ’ব, ইউ পি পি এল মূর্দাবাদ, জলেন দৈমাৰী মূর্দাবাদ আদি শ্ল’গানেৰে উত্তাল প্ৰতিবাদ সাব্যস্ত কৰে ৷ তেজ দিম মাটি আমি নিদিওঁ, ধাৰাবাহিক আন্দোলনৰ বাবে আমি সাজু বুলি মন্তব্য কৰে প্ৰতিবাদকাৰী সকলে ৷&nbsp;</p><p>কোনোপধ্যেই মাটি এৰি নিদিওঁ বুলি স্পষ্ট দিছে প্ৰতিবাদকাৰী সকলে ৷ উল্লেখযোগ্য যে, বিগত কেইবাবছৰৰ পৰা অবৈধভাৱে ভূমি দখল কৰি বসবাস কৰি অহাৰ অভিযোগ উঠিছে এই সকলক লোকৰ বিৰুদ্ধে ৷</p><p><strong>লগতে পঢ়ক : </strong><a href=\"https://www.etvbharat.com/assamese/assam/state/barpeta/reserve-clause-to-ic-gopal-borah-in-howly/assam20230723072611595595771\"><strong>Reserve close to IC: হাউলী থানাৰ ভাৰপ্ৰাপ্ত বিষয়া গোপাল বৰাক ৰিজাৰ্ভ ক্ল'জ</strong></a></p>",
      "image_url": "https://etvbharatimages.akamaized.net/etvbharat/prod-images/23-07-2023/1200-675-19072822-thumbnail-16x9-eviction.jpg",
      "web_url": "assamese/assam/videos/other-videos/protest-against-eviction-notice-at-darranga-forest-in-baksa/assam20230723113833088088256",
      "alt_tags": "Protest Against Eviction Notice at Darranga Forest",
      "caption": "উচ্ছেদৰ জাননী লাভ কৰাৰ পিছতে প্ৰতিবাদ",
      "id": 19
    }
  ]
}